Country,1960,1961,1962,1963,1964,1965,1966,1967,1968,1969,1970,1971,1972,1973,1974,1975,1976,1977,1978,1979,1980,1981,1982,1983,1984,1985,1986,1987,1988,1989,1990,1991,1992,1993,1994,1995,1996,1997,1998,1999,2000,2001,2002,2003,2004,2005,2006,2007,2008,2009,2010,2011,2012,2013,2014,2015,2016,2017,2018,2019,2020
Argentina,17728969.54,18099927.872500002,18474116.7725,18852335.475,19235359.119999997,19624006.862499997,20002815.307499997,20380646.7125,20765998.1325,21167474.822499998,21593929.515,22033457.5425,22498167.1625,22978646.674999997,23465369.27,23948680.515,24428849.85,24908824.12,25392954.442500003,25885686.060000002,26391551.215,26810946.34,27238813.525,27672961.075,28111261.6425,28551585.677500002,29008166.259999998,29470086.915,29934144.689999998,30397084.2875,30855648.18,31325492.854999997,31795197.2275,32262160.86,32723783.1475,33177480.497500002,33644942.2275,34107206.53,34564104.435,35015460.025,35461079.61,35894313.0125,36338566.2025,36794170.5925,37261502.8625,37740913.1525,38237089.59,38744942.435,39264828.38,39797087.925,40342075.365,40951260.54,41572373.2125,42203413.7325,42842553.6125,43486768.129999995,44127467.6675,44779580.045,45442557.7325,46115948.53,46799088.807500005
Australia,9758285.75,9972508.75,10162389.0,10355617.0,10542246.25,10734613.0,10960669.1375,11130961.7675,11310499.765,11522486.322500002,11739742.6525,12266276.9475,12518591.96,12742200.697500002,12967877.395,13169853.01,13365217.9575,13537657.21,13738694.48,13941282.71,14174591.9325,14447560.575,14764213.055,15046189.6175,15322096.0325,15621308.965,15953254.6625,16275273.14,16602027.1875,16954197.405,17266061.025,17588986.3175,17897543.945,18180589.4925,18465896.6725,18773813.722499996,19117590.13,19467641.78,19800338.075000003,20156925.932499997,20518759.985,20927752.5875,21313260.3,21689365.41,22051503.03,22453697.7825,22859881.045,23393340.762500003,23941265.4425,24513052.215,25047925.67,25565354.340000004,26161729.625,26752410.5675,27309788.7675,27858101.417499997,28456395.01,29080172.46,29674595.7775,30299960.2275,30985056.9675
Austria,7788447.065,7852893.285,7913939.7875,7969704.615,8039081.2925,8112486.529999999,8185815.74,8260179.8125,8310782.2875,8340737.532500001,8356384.26,8364394.7225,8377770.61,8392567.274999999,8400286.3525,8400879.86,8410313.0275,8435098.59,8451847.0125,8459140.33,8465780.23,8470727.045,8459428.8675,8435852.96,8445257.5225,8484298.342500001,8529085.1675,8575058.075,8622517.157499999,8678531.31,8736983.8675,8797862.2575,8868742.7675,8933886.6975,8999462.709999999,9075911.7,9150885.594999999,9215042.785,9272027.85,9331199.195,9387619.352500001,9461068.5225,9545417.287500001,9619908.0,9744109.754999999,9898166.0125,10038443.4775,10156083.072500002,10259232.8125,10357147.1075,10448139.115,10537270.6,10656164.2025,10787855.8875,10951815.427499998,11127856.6425,11315403.1425,11461573.52,11595345.5425,11728229.809999999,11851384.9375
Belgium,10004400.254999999,10043078.29,10090635.079999998,10153888.835,10238421.6775,10338273.435,10422378.9925,10496091.0075,10548771.725,10582702.8625,10591203.1,10599962.105,10629575.815000001,10653810.8,10683650.3375,10724702.15,10764419.4775,10798391.8625,10843219.795,10897055.715,10937425.192499999,10979480.6375,11016439.805,11024195.5275,11043901.225,11095199.72,11155910.705000002,11204768.2,11284881.2325,11384791.0525,11467268.844999999,11551861.76,11634659.9025,11709874.677499998,11785288.07,11870257.217500001,11954627.5775,12038449.912500001,12123340.855,12212389.532499999,12302772.947500002,12407068.100000001,12523501.774999999,12636055.5475,12757488.64,12889133.6625,13021749.325,13164583.445,13317870.9775,13476599.48,13645912.2225,13821104.072500002,13980511.9675,14119446.1175,14262751.57,14403329.5125,14530267.7575,14656830.8,14788864.125,14931610.045,15045428.0175
Brazil,54635576.345,56275180.900000006,57978882.480000004,59724365.18,61474091.78,63204458.1525,64966116.754999995,66661749.89,68317628.19749999,69977226.67750001,71679384.39750001,73427415.5175,75216032.9625,77059525.1275,78967784.205,80948728.3725,83029796.26499999,85179036.30250001,87399610.1,89694556.58,95548476.10249999,97809631.2975,100166831.3275,102564081.4,104921209.6675,107189245.495,109385735.57,111520798.7875,113635298.975,115799453.5275,118063358.1725,120420515.58,122854301.2475,125332881.49249999,127821564.14500001,130300920.14750001,132791584.2425,135315799.9025,137886861.1525,140525535.525,144732631.3875,147773858.095,150715293.43,153613593.7375,156540845.805,159530854.8675,162569467.72250003,165677336.0325,168992776.6875,172517607.2975,176091291.96,179306044.4775,182684276.0675,186151777.23,189731958.355,193447654.9875,197146330.10500002,200872768.59,204724832.5375,208608745.085,212513033.0125
Bulgaria,7325678.6274999995,7457653.045,7561357.0,7653367.9125,7760199.3575,7879729.83,8000615.75,8111956.112500001,8225314.58,8350947.4799999995,8482661.355,8592185.05,8671214.885,8748781.807500001,8847236.524999999,8961735.77,9079731.2975,9194527.690000001,9267654.747499999,9343369.282499999,9446860.45,9514241.645,9545285.21,9564344.3825,9603512.235,9653007.355,9712094.8325,9785651.59,9847967.004999999,9819256.125,9751450.657499999,9723714.055,9675097.895,9643549.755,9651579.96,9662793.495,9660685.15,9643230.530000001,9627486.485,9633082.450000001,9651184.085,9595431.82,9533568.3625,9532495.41375,9533535.876249999,9533741.7275,9526648.9125,9519657.90625,9520409.935,9528377.45625,9534379.48125,9540202.372499999,9544089.95875,9549659.665,9560444.175,9562631.463750001,9554658.502500001,9537827.985,9521789.1075,9512005.295,9490663.37125
Canada,16599917.99,16954436.759999998,17275899.005,17587426.04,17899332.6675,18202723.7725,18549104.347499996,18863830.335,19151667.925,19450791.932499997,19756031.8975,20012620.0675,20317952.112499997,20642321.075,20995710.8725,21381586.7975,21782689.387500003,22186736.55,22570430.3175,22973533.97,23417681.9625,23861550.002499998,24302340.28,24706537.5125,25113641.735,25535972.520000003,25976419.200000003,26527002.2,27057675.9125,27694916.6575,28289752.5775,28813470.365000002,29326748.845,29815179.3825,30287221.18,30757143.8525,31244616.939999998,31732707.17,32200979.0025,32666828.25,33175165.5275,33741479.41,33782759.765,34355982.515,34939975.395,35536202.8275,36906425.0775,37591336.4075,38338549.650000006,39110858.2975,39899114.1725,40646932.275,41471056.230000004,42294798.39,43092825.4925,43811045.925,44669242.0575,45551518.4725,46489101.162499994,47460777.6575,48338900.8
Chile,6278639.324999999,6437216.7325,6595555.202500001,6753682.82,6911607.35,7069358.9399999995,7198224.4375,7326391.6975,7453877.887499999,7580708.137499999,7706905.21,7841742.529999999,7976200.9875,8110272.227499999,8243943.262499999,8377196.2575,8508447.545,8639680.46,8770901.5375,8902083.702499999,9033213.45,9228317.54,9424120.370000001,9620540.0425,9817558.120000001,10015095.425,10243532.032499999,10472939.395,10703265.997499999,10934430.45,11165336.58,11422818.879999999,11798750.955,12058180.6025,12308096.1875,12554476.094999999,12797841.0775,13043714.43,13293198.0,13545507.0525,13800621.469999999,14062056.96,14329299.0475,14599547.2425,14875527.66,15158153.115,15455022.57,15766513.21,16096742.200000001,16439234.295000002,16790187.552500002,17152674.7975,17518278.5875,17870279.86,18228411.3675,18601044.002499998,18994440.512500003,19429216.627499998,19938889.762500003,20464759.745,20995704.915
China (People's Republic of),520050111.84,525356407.5725,532755392.155,542254576.875,553349193.5625,565373855.45,582796878.5450001,600347115.62,617650044.1125,634479773.67,650885856.4875,667575798.85,682950791.2125,697139062.1175001,710268799.985,722554147.0450001,734277381.5274999,745627034.725,756985216.9124999,768788214.125,781309990.8125,794348451.9225,808822606.1075001,824983707.4075,843132204.5074999,863300301.37,886285817.895,910604616.1975,935083873.4225,958132847.4975,978797633.185,997752992.0325,1012401911.375,1024050763.8,1034879768.1575,1046803946.685,1059318414.8725,1075101013.8575,1093392478.3725,1112452234.73,1130629065.5125,1149235571.0749998,1166250030.7649999,1182276930.4175,1198583343.1125,1216348091.5149999,1236301504.7849998,1257344646.265,1279318973.0875,1301815395.9175,1324579198.2575002,1348721698.0325,1372839637.9875,1397179061.2325,1422151825.0025,1448018021.575,1476240989.1625,1505112238.03,1534120791.3275,1562495725.22,1589825815.3625002
Colombia,11995185.715,12370098.532499999,12750432.4025,13134218.74,13518082.695,13899829.0925,14301626.030000001,14693106.5475,15073486.1475,15442391.235,15801579.98,16153749.8275,16497535.0825,16843549.2575,17206409.8825,17596362.2775,18023998.7225,18487910.2875,18980419.14,19487847.095,19999637.6475,20537217.12,21061585.22,21578318.3525,22099431.785,24130128.0075,24720902.560000002,25335672.61,25967682.505000003,26613406.5175,27265945.299999997,27918568.045,28573181.895,29232291.1675,29872705.5875,30499233.802500002,31105132.0625,31692769.964999996,32269434.497500002,32854656.275,33469101.402499996,34065472.095,34676126.855,35308444.9775,35951042.1275,36615063.83,37199188.730000004,37858017.957499996,38571627.955,39334187.83,40133992.837500006,40918928.2925,41724866.8425,42540743.2425,43365989.057500005,44196308.5075,45055278.6275,45909320.495,46768369.945,47640314.485,48538296.0425
Costa Rica,977125.1799999999,1014872.0575000001,1053754.255,1091430.6400000001,1128850.4725000001,1165878.9925000002,1203173.0325,1239688.4125,1275038.7425000002,1309795.795,1341452.7149999999,1371799.23,1403500.4725,1436565.675,1472582.1375,1510253.7325,1554258.935,1600623.6175,1652216.4425,1707301.865,1765673.125,1824774.7925,1885152.12,1944081.23,2001769.57,2063488.2400000002,2134612.6025,2204352.8825,2270611.4675,2338338.1725,2403881.0425,2465683.94,2526339.6875,2589738.59,2667875.3874999997,2744915.7325,2823769.0825,2903680.0250000004,2983271.835,3062990.7575,3144888.3725,3226485.8674999997,3300297.5149999997,3374583.8175,3452278.755,3527949.2524999995,3609068.5549999997,3691583.2824999997,3780775.255,3873747.8724999996,3970939.2824999997,4063614.76,4160884.766707086,4254984.257254002,4350728.633239425,4449864.610441076,4552907.047075687,4655939.096454705,4759326.379347437,4865056.131909891,4972756.661742437
Croatia,3856979.3499999996,3902072.0,3946679.835,3990159.1624999996,4031763.7575000003,4071147.2474999996,4118281.345,4162205.04,4203726.57,4244023.815,4284106.245,4332588.7225,4380053.5875,4427071.7375,4474479.1625,4522729.9075,4573357.3375,4623347.842499999,4671933.57,4717912.495,4761151.8100000005,4801989.5175,4839161.175000001,4874030.72,4908278.2425,4942363.217499999,4990607.5075,5037003.76,5077708.175,5107675.505,5124151.3075,5154040.7,5170512.82,5176822.5,5177335.675,5175262.52,5171114.6,5161832.25,5151006.710000001,5143574.495,5142584.9775,5106461.890000001,5147490.1375,5182955.3075,5221481.032500001,5269297.529999999,5309869.53,5345236.5375,5380092.1325,5406452.92,5425000.842499999,5435262.3025,5461467.58,5485288.955,5506238.2125,5505654.1325,5513786.1,5500908.57,5503666.165,5509278.57,5525654.75
Cyprus,494699.82,500826.5725,504511.20999999996,505746.16000000003,506044.395,507660.76749999996,522110.675,538584.5625,556441.03,574999.98,594235.9299999999,600253.4550000001,606081.745,611768.255,617458.67,623348.69,629420.935,635690.6925,641619.7250000001,646605.645,650476.12,657595.315,519037.70749999996,524094.1675,532557.98,540347.2,547561.5800000001,554537.105,561395.245,571110.3,585687.4375,603427.4525,622123.04,638710.935,652553.875,665259.3200000001,677046.6225,687868.5625,697463.76,707283.3899999999,717558.66,731244.7525,746063.78,759024.9125,773706.1375,789726.59,808548.3325,830909.7150000001,855606.755,882551.8200000001,910328.54,938360.48,960606.6299999999,973006.8125,978600.4775,986219.6200000001,1001543.3674999999,1019525.6199999999,1038628.3725,1057685.6675,1076461.225
Czech Republic,9830397.190000001,9718899.3875,9777352.01,9853543.8875,9969348.325,10099412.2325,10223361.092500001,10333177.182500001,10426773.370000001,10500086.899999999,10453967.8225,10498463.68,10555270.82,10618903.055,10718606.1725,10830170.6675,10946804.405,11051333.86,11138157.4725,11199633.48,11201801.75,11109022.875,11053991.175,10989080.629999999,10942870.825,10937097.77,10948876.684999999,10978656.182500001,11019069.305,11055621.52,11067334.365,11047722.9025,11065932.475000001,11090848.67,11118596.27,11156667.4875,11202617.0825,11260595.395,11330302.03,11406139.927499998,11485545.4875,11504927.350000001,11587206.1425,11680470.6875,11774423.36,11896540.1725,12029110.2625,12180516.615,12390997.335,12565790.5675,12702501.395,12838266.705,12976655.6075,13091409.3675,13207480.434999999,13322867.592500001,13453528.2025,13590485.105,13743709.0625,13910830.607500002,14041197.49
Denmark,4720808.71,4775600.307499999,4832406.2425,4890805.484999999,4951790.1975,5012214.5600000005,5072921.0375,5133007.9825,5187257.4399999995,5238070.5625,5292982.715,5345070.8275,5393977.7,5445937.4475,5494249.9125,5538909.8025,5578573.0975,5616262.955,5655001.84,5687124.62,5709114.7225,5723654.165,5739641.797499999,5756040.244999999,5770887.7275,5791880.4350000005,5820399.2225,5849750.25,5878153.15,5909170.1675,5941660.077500001,5976652.0725,6013309.4525,6047686.1850000005,6069735.1225000005,6099740.0649999995,6130545.047499999,6165462.9225,6198749.035,6234643.4350000005,6277134.140000001,6323426.4825,6367617.217499999,6405697.9225,6446045.965,6489415.28,6537646.092499999,6592051.885,6662033.3625,6736437.2075,6817098.0600000005,6901901.375,6985395.51,7059431.76,7143319.6274999995,7226574.425000001,7318974.7,7409985.91,7500542.3325,7594505.3025,7685654.8525
Estonia,1243839.9475,1260482.645,1277366.4475,1294326.05,1311381.8575,1328455.49,1346844.575,1364863.1025,1382391.4275000002,1399230.1625,1411937.0150000001,1430961.725,1449533.25,1466594.4175,1483290.7999999998,1498398.2825,1511477.2025000001,1525602.955,1538735.1400000001,1549264.7375,1559629.7875,1569883.895,1580868.5975000001,1594326.3525,1607215.8925,1617890.0325,1631708.295,1647777.2149999999,1660102.4324999999,1668372.3900000001,1671437.2,1667267.9224999999,1649120.445,1623166.895,1601431.5575,1583735.3975,1572945.275,1568169.4975,1561928.4075,1557989.1275,1590398.05,1592208.4874999998,1596661.15,1602365.1,1609371.025,1616805.775,1624071.5125,1632141.1625,1638474.2875,1643754.6375000002,1649203.275,1655874.995,1663968.2075,1672214.1724999999,1681839.2825,1693420.92,1705787.19,1718684.5125000002,1731309.9625,1743392.3525,1753571.3050000002
European Union (27 countries),356423063.4675,360696599.01250005,365170926.9625,369473309.765,373898219.7075,378755128.89,383461626.3025,387992480.585,392096239.61,395917264.5675,399388429.2025,402358953.82625,405352081.97375,408241177.52625,411584675.5125,415786046.17875004,419994454.28875,423961291.98875,427747478.02374995,431165700.09749997,434280708.6725,436666885.1425,438588050.64374995,440327042.435,442451190.98,445465153.14874995,448870699.85125,452533076.30875003,456447943.78999996,460221915.71375,463947169.16375005,468574317.60249996,472146318.88875,475584946.29999995,478903762.74125004,482829022.8075,486819101.15,490498370.87125003,494095593.72125,497898188.28874993,502272121.0025,506586593.15000004,511565803.48625004,516902183.505,522560197.46375,528841787.1975,534867498.515,540592544.25875,546518249.72,551967980.29125,557239378.86,560405727.23875,565732750.30125,570966808.55875,576647281.785,582087753.0475,587357182.57875,592109493.56125,596741173.52875,601768716.39625,605860091.59375
Finland,4061231.135,4103147.9850000003,4142832.4074999997,4189040.8550000004,4236254.3225,4274627.855,4315000.605,4358955.885,4396299.6,4422274.0725,4441727.635,4474061.95,4522581.365,4575331.4925,4628995.9125,4685835.1775,4743668.855,4800840.2,4856721.83,4909332.0925,4960284.529999999,5011797.04,5069802.285,5130794.545,5186739.5625,5236477.1825,5286968.5675,5332498.734999999,5371817.895,5416031.345,5467779.324999999,5528769.64,5593356.6325,5654226.015000001,5713398.515,5770237.035,5826975.887499999,5878008.445,5921396.449999999,5968091.6425,6022848.0375,6089180.275,6160121.18,6233785.9350000005,6314604.390000001,6394977.5225,6479992.74,6562290.915,6637526.25,6717657.7725,6804030.577500001,6900407.1175,6999629.955,7096486.907500001,7187612.1625,7266957.6675,7341090.4625,7408759.93,7467065.765000001,7527847.1,7596056.995
France,48648837.885,49138310.64,49940146.79000001,50688062.43,51200655.8625,51760468.81999999,52318301.557500005,52861540.995000005,53356919.225,53819425.5225,54261629.9925,54695601.82,55130202.8325,55559656.1325,55946851.6925,56334002.019999996,56740411.557500005,57180559.0925,57630975.67,58079804.845,58508669.915,58850356.3975,59177082.84,59491945.355000004,59823031.1325,60293325.4025,60847116.197500005,61424406.9075,62058938.63250001,62704474.9675,63271468.8775,65055280.317499995,65616726.527499996,66158220.417500004,66707796.25750001,67352764.845,68027226.8325,68685305.5425,69363529.225,70131684.1725,70992792.08,71921289.64750001,72912628.1325,73874287.42,74884574.5325,75930562.8775,76869555.09,77758918.5925,78647129.33500001,79498780.785,80337528.02000001,81268955.4225,82286152.54249999,83327796.1275,84535104.7125,85478079.52250001,86350866.255,87199050.5375,88015920.9325,88828582.76249999,89537469.0075
G20,1889578769.6963005,1919227332.563621,1951975108.998387,1986222134.9973853,2022609446.6691465,2060097388.6276736,2102997830.6442413,2146533587.9879298,2187958318.881361,2229859621.406229,2272318328.7701855,2317676678.9160113,2361139411.5738115,2403807409.0859365,2446216908.7248354,2489756088.8289366,2532775673.6797314,2575430467.5233994,2618359561.6414223,2662318482.795454,2710863389.7680883,2756476311.824619,2804069646.2724524,2853376535.6890793,2904610083.262436,2958940161.187463,3016924749.1599226,3075615013.6661897,3133927652.33701,3191128374.044834,3246168708.0194817,3302339930.9015455,3354364055.56092,3402861565.7116985,3450107321.0007353,3499533020.844989,3550683489.346696,3604868719.3477674,3661465260.5853524,3718645819.5847874,3777791118.3237495,3836753594.5325003,3896583278.2437496,3954981990.665,4014328226.0,4077461891.81875,4144455984.0775,4212613797.647834,4282026956.915,4350998677.37875,4422529451.502501,4492875037.09375,4567223023.07375,4641397797.99375,4718033346.91,4798023862.2275,4878729206.62125,4959437222.22625,5040340659.42375,5120948855.73625,5197837944.48125
Germany,78893268.2775,79848243.24,80907161.86,81792602.60499999,82676173.72,83639115.86250001,84600445.465,85331137.1725,85872304.41749999,86403233.48750001,86615787.82749999,86644231.00999999,86765122.0575,86801975.91499999,86851559.56,86882051.54249999,86931823.64500001,87149580.8075,87450500.015,87799769.1725,88178566.455,88356080.345,88333317.9925,88268230.14500001,88347341.8675,88718111.98,89262807.05,89879111.855,90584573.35249999,91449020.3075,92356709.715,93086626.93,93809056.965,94565930.995,95339319.095,96269468.045,97216420.405,97971311.3,98563386.5725,99278095.3525,100112415.545,100967348.5975,101884581.2225,102826968.31,103899523.6625,105073000.3125,106175022.5575,107096520.82249999,107836792.9175,108541410.4225,109231141.8825,108064074.615,108988811.15,110016680.9075,111252222.495,112748012.9125,114134897.0875,115185420.9325,116047758.19,116843673.58250001,117423387.1375
Greece,7821836.4125,7969811.2675,8071573.1675,8162653.495,8251957.8725000005,8339309.425000001,8447827.4425,8589635.5025,8657126.6975,8775914.932500001,9155891.175,9188324.555,9293858.2875,9391104.6975,9492571.475,9625725.2975,9792276.2325,9994639.4125,10173198.86,10349361.4925,10496521.3925,10637711.8775,10755656.8325,10868225.6125,10971400.945,11063370.785,11077750.415,11163970.4225,11256736.655000001,11369351.805,11538510.675,11741853.25,11911943.905000001,12070512.925,12224678.5175,12380462.7275,12529907.8825,12674274.2025,12819052.64,12954604.2,13125230.385,13214130.1325,13273708.6275,13411362.875,13550252.185,13692563.7075,13836189.66,13971608.875,14104928.0975,14249284.3825,14395055.285,14518969.0275,14594202.695,14647876.8225,14709899.469999999,14758586.7275,14811828.6725,14869839.265,14922044.7275,14984865.1125,15044925.9875
Hungary,9902312.775,9968892.377500001,10028701.5475,10096103.3675,10194988.685,10302055.9375,10418199.0075,10551203.79,10680552.425,10802625.66,10901596.5975,10965019.9375,11023462.23,11084680.7925,11176065.765,11307400.2475,11434092.627500001,11549102.06,11643234.26,11724728.5475,11756503.0775,11718563.0975,11662993.600000001,11598467.435,11559685.620000001,11565414.1225,11583836.34,11608746.8125,11645172.065000001,11570000.67,11484800.74,11498594.754999999,11502671.215,11502827.372499999,11520070.4875,11561621.4775,11601696.719999999,11639430.34,11683857.99,11727377.275,11777863.385,11824250.087499999,11859153.585,11896684.315000001,11942316.01,11992141.8425,12045664.1975,12096588.04,12147957.370000001,12212056.934999999,12265557.7,12309159.372499999,12357988.625,12405571.122499999,12457007.3025,12511356.670000002,12560318.045,12599132.86,12645238.75,12723606.830000002,12787949.32
Iceland,163187.9525,166492.9025,169471.9425,172278.54499999998,175123.70750000002,178043.845,181149.76,184139.15000000002,186781.33000000002,188821.005,190080.425,191850.1225,194882.28999999998,198300.8775,201528.765,204835.16,208053.65000000002,210706.415,213299.9325,216446.945,219706.7975,222855.40000000002,226336.2325,229928.9675,232944.96,235506.3525,238206.6625,241596.39,245581.515,249315.0925,252721.21750000003,256812.61250000002,261004.6225,264708.9,268087.5075,270896.9375,273608.005,277012.185,281055.645,285257.36750000005,290005.08999999997,295220.8425,299765.3225,303987.5625,308724.0875,315141.4375,323297.1975,331867.48750000005,339108.50749999995,343522.93500000006,347150.87,351774.875,357050.8025,362943.8875,369201.37,375491.76,382248.57999999996,391569.61,402521.87250000006,412715.65,421948.6675
India,344466741.95500004,351350758.315,358789513.745,366631396.83,374556856.7875,382356111.0925,390739957.3075,398855307.8225,406927576.14750004,415313047.7675,424286668.45500004,434231871.075,444548523.48749995,455202484.02,466098996.24249995,477212555.625,489014140.9275,500757088.8925,512597107.755,524758081.4825,537426744.03,550838387.3399999,564511126.245,578373429.1975,592291078.4100001,606195721.8199999,620623692.8225,634629308.26,648336462.8775,661945527.0775,675662024.9775,690328308.9675,704995759.8824999,719769048.1375,734748925.5474999,750013009.155,766411035.285,783007245.19,799773572.0975,816649927.3050001,833615624.5125,851336513.9300001,868856897.355,886305866.825,903885876.7125,921762936.0625,940606069.1600001,959562355.3050001,978502114.3774999,997195450.7525,1015532145.3675001,1034376690.6175001,1052680599.3074999,1070775724.8025,1089152600.0500002,1108167266.505,1128175418.315,1148953861.83,1170328666.87,1191962933.415,1213598149.6075
Indonesia,68091668.6275,69954473.0925,71787656.8,73615037.0375,75467312.9825,77373364.3725,79412998.745,81499345.7375,83626532.55,85778852.255,87945354.9725,90233616.6225,92492599.8775,94737500.24,96994821.08250001,99291020.2175,101717326.5875,104145472.64500001,106592713.05,109078747.595,111619322.72,114324060.23499998,117054223.0275,119788836.8725,122495097.2775,125154710.31,127877903.39,130501490.6375,133060111.32999998,135608814.6175,138193696.44,140907167.57999998,143679666.13,146496229.55,149320632.6525,152125097.05,155132032.7975,158088024.6025,161025567.35750002,164005671.70749998,167089980.61,170105238.79500002,173096550.45,176072320.7775,179027954.40249997,181959764.815,185374098.55,188799939.255,192250499.95,195745096.845,199282821.79500002,203462218.3375,207822901.91500002,212306767.2725,216836550.1225,220652318.05,225418954.42000002,230230846.95,235095452.26999998,240012009.25,244974717.7
Ireland,2931504.25,2924396.75,2934047.25,2952009.0,2962484.75,2971542.0,2976817.25,2988231.5,2995830.0,3005302.75,3026374.5,3046800.75,3080841.75,3117685.75,3154796.75,3195873.5,3233233.25,3264237.5,3293111.75,3331878.5,3357142.0,3392806.5,3426001.5,3447484.5,3469347.75,3477891.0,3477918.25,3489709.25,3495785.5,3497299.5,3504545.0,3528765.5,3561296.75,3586475.75,3607197.25,3635501.75,3668344.755,3713123.795,3768242.3125,3817831.42,3877173.5949999997,3950963.545,4032213.305,4111024.4124999996,4193806.1525,4294327.1049999995,4381524.085,4511791.3774999995,4636227.3325,4731867.2475000005,4815312.17,4892877.5525,4967458.945,5035657.5975,5115450.4399999995,5205943.9399999995,5302347.075,5399969.9375,5510901.59,5628800.865,5742031.955
Israel,1827844.69,1909204.03,1993729.73,2087585.99,2181980.05,2274620.49,2335538.67,2390456.6100000003,2478763.0,2551838.25,2632775.75,2720277.5,2901411.25,2957275.5,3058726.75,3145346.5,3229170.5,3311310.5,3393444.0,3487684.0,3574734.25,3637265.75,3691530.25,3758811.75,3864379.0,3932993.5,3997688.75,4060923.0,4126025.0,4195878.25,4338669.75,4630219.5,4810267.0,4952463.25,5096273.5,5247762.0,5453441.75,5601801.0,5745990.75,5901901.75,6073232.25,6239348.0,6394600.25,6537584.0,6674392.0,6812844.5175,6952503.24375,7090652.80875,7228735.30625,7460981.2425,7629724.6875,7822327.407500001,7995303.7175,8185072.630000001,8381530.914999999,8585772.8925,8791695.302499998,8996751.0225,9202173.395,9410297.25,9608864.0
Italy,49404472.5275,50023127.120000005,50609948.0875,51179869.96,51858072.675,52630208.28,53397602.2175,54136236.8725,54783123.364999995,55344318.5875,55891051.427499995,56399239.69,56880936.035,57345150.1825,57817182.5525,58393305.445,58970166.9275,59471211.5525,59952365.3975,60400300.465,60781666.79,61069669.365,61306663.445,61509401.385,61783016.185,62285462.345,62879508.152499996,63464764.502500005,64097724.9825,64766172.32,65431891.372499995,66075847.67,66691441.715,67257667.655,67812363.58,68473484.595,69184334.32249999,69812233.6175,70381638.7675,70945565.745,71537711.65,72180601.8225,72943973.185,73851506.53,74884471.13,75902925.715,76797039.9975,77706682.3675,78642232.79499999,79499846.2625,80301159.6,81126221.5925,81949503.125,82727939.19999999,83453349.4875,84021486.65,84499540.885,84930994.16499999,85338258.8725,85821392.935,86073194.8525
Japan,78598469.9675,79718649.8475,81149589.47999999,82345108.465,83734780.6425,85231289.9075,86541562.5175,88324699.0025,90015121.3075,91802384.8175,93462544.555,95701454.345,97810542.91499999,100015016.9675,102132568.03,104387019.6625,106311388.57,108175949.925,109991318.7225,111807761.03999999,113539215.4975,115343267.6275,117321359.705,119288125.96000001,121206956.4,123465995.2775,125546885.83500001,127720409.105,129773122.64750001,131874003.98750001,134053235.77000001,136179060.08,138650781.1625,141023364.365,143364046.6925,145836776.8075,148371845.41500002,150895261.3075,153401620.20499998,155693774.4325,158383261.7625,160758982.5,163314602.5,165899912.5,168294612.5,171294935.235,173757619.47000003,176170906.4975,178321124.3,180392616.7825,181985444.09,183070051.995,185033758.575,187030094.9725,188977755.82,190629013.4425,192312954.595,193747631.01999998,194945143.73250002,196023745.175,196793222.5
Korea,19017664.65,19564389.445,20099074.3325,20605071.315,21053919.115,21508479.6575,22012198.715,22406712.0275,22831596.8325,23298535.0075,23819859.887500003,24421907.622500002,24761560.082500003,25215295.072499998,25689107.445,26248418.927500002,26670543.3425,27115851.384999998,27587972.945,28092668.8625,28688016.932499997,29273956.939999998,29936607.5625,30590988.1725,31169855.555,31678396.2675,32142465.402499996,32655383.409999996,33229452.9225,33873419.71,34641253.0325,35330655.8,36090318.055,36885761.042500004,37713217.27249999,38555684.879999995,39424707.087500006,40252369.2225,40984345.519999996,41709033.662499994,42527718.207499996,43357873.775,44167698.7525,44975058.515,45803027.61,46587255.575,47513639.8625,48561575.965,49756720.46,50770331.285,51890854.097500004,53068492.2325,54259394.567499995,55439310.9675,56790906.61,58151127.557500005,59445103.06,60733410.4375,62099466.03,63229751.3575,64481657.64
Latvia,2190941.9825,2224271.99,2255585.0975,2285784.68,2316056.4299999997,2347084.635,2381026.225,2414663.58,2447334.2725,2478161.05,2485867.0949999997,2509890.6,2535214.4050000003,2560000.105,2585949.7975000003,2609741.81,2629889.215,2650532.9875,2670422.6725,2682265.9524999997,2687119.03,2692871.6725000003,2705092.7475,2726499.6475,2750239.8600000003,2771743.015,2799967.26,2834830.1375,2866516.9625000004,2885221.59,2884733.1125,2872752.715,2846468.49,2811615.3175,2778930.96,2750102.8775,2733331.8625,2722734.52,2711890.5625,2703038.35,2692059.3125,2676338.32,2669542.4325,2670999.8475,2669197.0175,2666923.4450000003,2669203.1475,2670533.1799999997,2663397.5825,2646677.2725,2622620.845,2601829.8475,2591664.9575,2586964.3725,2587093.74,2589356.5175,2588862.1025,2585799.7125,2579242.3425000003,2571659.3,2562395.68
Lithuania,2602717.685,2654832.175,2708090.5125,2761699.575,2814414.455,2865526.1875,2912919.105,2958140.115,3002063.1525,3046200.6375,3086183.105,3135821.0475,3182850.1100000003,3226061.7125000004,3266972.7725,3304394.425,3340765.4749999996,3378732.8125,3416648.4725,3444701.435,3462926.0275,3481592.35,3508803.9025,3545042.9800000004,3583778.4775,3624581.565,3673649.705,3729503.7475,3784940.53,3826273.995,3850323.165,3867716.5725000002,3876536.7375,3873726.7700000005,3862926.875,3852258.1725000003,3845867.56,3843504.635,3843018.6675000004,3841278.9050000003,3834639.7225,3837401.795,3853704.5949999997,3868758.08,3874875.23,3864974.5825,3854041.26,3850165.8449999997,3846754.3049999997,3837435.5575,3808295.0250000004,3778350.3725,3766881.16,3762560.4074999997,3763706.5825000005,3763235.5925000003,3754318.3150000004,3742609.1550000003,3735862.2399999998,3739066.2624999997,3741853.465
Luxembourg,336090.8225,340123.345,344281.01,348386.36,352163.4425,355452.26,358867.565,361699.0,364109.44,366452.63749999995,367483.20999999996,370393.36250000005,373812.075,377072.4075,380848.9125,384719.9175,387145.57499999995,389177.93,391854.745,394322.14749999996,396639.4225,398689.4425,400229.12,401811.10750000004,403648.64,405912.02,408981.26,412559.605,416805.4125,421543.805,427142.635,433330.27749999997,439435.41500000004,445747.695,452649.83499999996,460144.61250000005,467465.53,474270.94999999995,481003.1325,487879.13,491412.1075,495124.745,502508.60750000004,510274.43000000005,519005.515,528800.2825,538644.865,548060.6875,558778.5075000001,570536.3574999999,582427.8,596895.8275,612800.1000000001,629094.86,646957.635,664530.8999999999,682044.5975,698688.2375,714024.47,730012.1725,744458.6725000001
Malta,285599.5675,287768.47,290735.39749999996,293948.4225,296833.4375,299157.1625,301014.35,302317.5925,303293.3325,304434.27749999997,306046.2325,307021.3725,308534.27,310569.4175,312947.0925,315472.0525,318393.02749999997,321225.1775,323964.8225,326699.3875,329613.005,332074.5475,334457.36,336716.4,320159.055,329242.93,338592.815,341753.985,345434.225,350482.27749999997,356135.89749999996,361579.38749999995,366880.775,372211.4925,377305.0675,382892.87,389084.005,394334.3775,398676.29250000004,403605.0075,414570.6375,426841.4125,434567.7525,441886.23,449589.7125,459020.2025,467028.475,473046.9425,480593.09750000003,489733.9175,499570.925,509646.39249999996,520755.4575,533411.3400000001,548267.5925,564267.905,579882.9775,596165.3525,614345.5800000001,635223.935,658758.2775000001
Mexico,28214225.625,29167526.825,30144844.857499998,31133583.8175,32145318.1625,33181445.36,34231712.004999995,35305115.345,36393429.5575,37497008.0775,38631521.067499995,39793100.9675,40980909.447500005,42183608.57,43406901.370000005,44648757.94499999,45887629.355,47118558.7975,48352854.54,49592289.849999994,50830987.49,52082329.2575,53362986.39,54667126.769999996,55988919.8075,57320426.364999995,58667261.015,60034650.2575,61406540.949999996,62782774.1675,64175951.95,65593348.2975,67032929.3375,68489066.095,69953986.5975,71415973.065,72885118.4125,74373568.0775,75871842.7425,77389376.175,78932625.495,80532580.87,82195470.3125,83892093.545,85631208.6425,87423182.16,89294186.7975,91253542.02250001,93265502.5675,95305950.32,97338781.94749999,99383604.2475,101443279.1725,103514311.925,105597935.48,107646933.5825,109694206.4075,111759612.10249999,113834386.4125,115922323.71000001,118023539.16749999
Netherlands,11114057.5825,11302121.9,11493537.85,11670580.1075,11851165.752500001,12040547.6025,12219474.115,12388593.335,12553152.1725,12723143.2425,12895147.78,13064806.432500001,13221367.59,13356126.175,13483638.36,13624858.6425,13760826.3125,13891312.145,14039817.55,14202036.032499999,14376649.5775,14543094.02,14684157.055,14815914.497499999,14956574.692499999,15112946.67,15280916.7375,15461498.9575,15653965.07,15835404.942499999,16015732.982499998,16214755.675,16420338.125,16609732.74,16788388.0125,16964891.075,17131231.5925,17301247.0175,17490425.225,17688013.085,17889518.5775,18117728.225,18350473.2575,18559936.52,18763376.237499997,18959464.1175,19145146.11,19342185.8475,19568314.027500004,19822199.862499997,20081933.19,20370153.375,20675753.3275,20957186.04,21244379.8525,21532515.2675,21815298.4075,22105156.37,22396554.207500003,22700561.345,22973438.8625
New Zealand,2276839.175,2317789.275,2362213.5,2405081.9125,2443884.8125,2483814.5625,2523874.4,2557650.3375000004,2586622.9375,2614301.75,2651734.2375,2697546.05,2747664.675,2804360.5125,2860192.825,2920025.9124999996,2965950.0625,2985592.2375,3000164.125,3016932.7125,3034769.5125,3064795.4875,3106288.2125,3148659.0125,3191470.4125,3227075.0125,3263481.875,3309831.7125,3347536.6375,3384268.3,3435100.1500000004,3544072.75,3600869.75,3655966.7,3716596.925,3782385.0999999996,3849061.3,3914213.875,3967655.625,4014952.125,4063878.0500000003,4115819.4000000004,4198620.675,4291252.725,4376854.949999999,4457919.55,4548900.75,4630817.949999999,4705978.025,4788139.275,4875892.925,4954416.15,5032321.775,5116191.85,5227621.949999999,5350269.825,5488119.6,5624793.449999999,5746870.275,5873931.525,6044825.7
Norway,3765322.3075,3810968.1675,3856438.4425,3899280.9000000004,3942727.755,3992833.9125,4046287.8175,4099828.1275000004,4152399.815,4201196.165,4244819.1575,4286767.57,4330650.5475,4372008.3575,4409502.2975,4446882.5975,4482323.9,4515320.28,4547345.7524999995,4576421.285,4604003.202500001,4633092.29,4665379.5675,4697020.59,4724278.5024999995,4752748.885,4783520.1375,4814489.3375,4846567.33,4876960.0475,4904064.575,4934668.1425,4969676.6,5000452.34,5028807.27,5058420.3575,5087192.1875,5116670.7775,5148410.327500001,5183300.092499999,5218086.3925,5251515.380000001,5286352.557499999,5324413.335,5368347.8925,5417765.995,5471154.9725,5534005.855,5608508.237500001,5691076.859999999,5779744.4775,5875613.585,5974691.2225,6070568.82,6166261.3774999995,6259576.0425,6347849.515000001,6435466.8075,6524658.369999999,6620300.1225,6717832.415
OECD - Total,767170988.8088002,778958282.8336208,791322528.0508878,802755089.7473848,814687837.8691475,826935772.0851729,838455510.2992408,850812086.95293,861448953.8613615,872461912.6837289,883536989.5976856,895911160.7685113,907321655.7613115,918568339.968437,930182631.032335,943255505.9339373,955420171.304732,967799857.8108995,980465305.1589218,993331868.6304541,1005720152.4705892,1017326215.5721197,1029124009.9999518,1040581888.544078,1052125105.9899366,1066558738.592463,1079768916.1274228,1093310696.5461898,1106990948.979509,1121227759.182334,1136311289.4344804,1152804048.4415445,1169322011.230919,1185040514.559198,1200201137.778235,1216264036.3449888,1232490130.4391963,1248433405.5552669,1264350556.2153518,1280219546.2997866,1297105142.7662501,1313665978.0700002,1331301593.65875,1349628864.22125,1368323754.14875,1388597923.4612498,1409133959.63375,1429908296.5753336,1450838325.9962502,1471196656.2825,1493312634.57625,1511258705.10625,1533317202.5292077,1554645567.2985044,1577234106.9957392,1599354610.236691,1621548915.5608256,1642560347.7377048,1663400978.8030975,1684365733.1781597,1703073854.2017422
Poland,26012552.3825,26363470.68,26713877.44,27118265.689999998,27591981.15,28125494.25,28493134.25,28876525.5,29408719.5,29834744.0,30145636.045,30424857.060000002,30812022.25,31284475.25,31836351.4225,32421593.26,33004755.25,33576106.5975,34096103.8525,34515590.2525,34929770.225,35318892.21,35691487.275,36092380.7675,36492314.0975,36824627.19,37127634.325,37388893.9475,37655139.942499995,37807030.1,38105630.614999995,38339998.114999995,38576481.0325,38823289.675,39031359.5175,39200026.25,39360944.47,39518055.9475,39678889.005,39787691.650000006,39959750.787499994,40287452.885000005,40706129.695,41032199.182500005,41462951.195,41886278.47,42309800.6875,42722004.510000005,43115989.56,43529744.9625,44298404.08,44739905.2,45245800.2575,45686056.230000004,46169542.2225,46597731.2975,47045336.715,47472682.057500005,47891239.9525,48297686.1475,48699339.525000006
Portugal,8214762.262499999,8321982.337499999,8409497.875,8472061.425,8500294.012500001,8526473.7125,8531303.775,8519621.9,8529871.887500001,8509602.6875,8517826.5275,8503207.69125,8445570.64875,8415693.30625,8543406.432500001,9029569.77375,9423207.58375,9547285.30375,9690660.13875,9846776.1525,10018913.5175,10152433.8575,10242922.55625,10326334.43,10401444.6025,10483894.31625,10567197.653749999,10646780.95125,10728893.5725,10819409.15625,10914322.53125,10998631.3125,11085788.14375,11184742.985,11296846.53875,11423750.370000001,11549683.805,11681343.52875,11822853.06625,11970322.92375,12149132.845,12332080.280000001,12482052.18125,12613383.36875,12739163.5075,12859901.1775,12982718.287500001,13112868.9025,13239942.427499998,13369076.184999999,13515712.09125,13645730.19875,13727361.940000001,13792233.337499999,13861527.5725,13940682.052500002,14026333.35125,14118993.690000001,14218751.65625,14337732.73625,14456875.219999999
Romania,16846325.677500002,17064578.685000002,17257737.9675,17447133.8425,17662847.8675,17924077.34,18210095.6675,18553818.7025,18817704.66,19144601.4625,19526388.57,19856230.6625,20080504.03,20194270.185,20386777.715,20755580.505000003,21153370.2825,21498556.25,21781010.91,21957286.314999998,22116606.792499997,22303800.5,22438028.195,22495726.9375,22590073.63,22751536.7725,22933919.5925,23151701.009999998,23372870.6725,23591148.445,23736720.4675,23685677.7175,23612472.9125,23643915.09,23707438.96,23800322.9525,23869159.9625,23937363.1625,24030181.7375,24140204.785,24281262.7675,24209000.104999997,24011771.3325,23938379.3575,23826667.87,24035292.932499997,24237929.4,24228618.229999997,24531638.302500002,24690945.947499998,24555722.485,24449342.185000002,24453754.72,24575995.9925,24711149.28,24811170.927500002,24857101.8575,24879825.7975,24869578.307499997,24875200.3125,24871725.567500003
Russia,104748226.45500001,106566326.80250001,108281090.0475,109872849.195,111331064.91,112660275.1175,113886550.585,115004944.385,116089209.9025,117241427.4875,118525709.83500001,120017329.435,121683205.7825,123472738.5975,125301755.6825,127108623.08500001,128904956.60249999,130559040.36000001,132125343.225,133712800.695,135419432.4975,137276158.885,139243599.095,141228876.715,143070889.1475,144657902.4675,146290489.2675,147610551.41,148716558.115,149785296.9725,150198791.55,151166594.6575,152122737.3925,152885900.8825,153502166.655,154048722.845,154403557.95,154613113.2225,154538918.575,154095689.82999998,153702696.1475,153831985.2425,154433363.315,155168198.02,156007148.5975,156878537.2,157566435.755,158130214.32999998,158332596.765,158383107.3725,159395535.3425,161008236.275,162588180.5875,164347256.63,166229377.82999998,171066320.9625,172856815.625,174121292.905,174878671.57999998,175506212.57500002,175729785.21
Saudi Arabia,3164338.6,3266276.8375,3374689.395,3488961.0324999997,3607944.135,3731592.08,3857703.0125,3987975.2925,4127077.88,4281183.047499999,4455368.2275,4642299.9725,4851653.487500001,5082597.875,5332660.585,5600889.925,5865171.83,6143354.5649999995,6447118.6825,6792640.6525,7190466.645,7581748.16,8020050.275,8487756.68,8959854.747499999,9418205.8825,9898750.817499999,10349696.39,10772935.905000001,11171933.815,11547973.7025,11923293.8325,12281306.7775,12621541.212499999,12944074.9575,13252994.995000001,13548363.44,13824735.9375,14102801.5275,14408212.0,14757345.8425,15115984.85,15540926.0125,16020836.7675,16538248.625,17080500.0225,17641581.24,18225880.72,18841278.98,19499670.589999996,20209291.7275,20987943.13,21821286.229999997,22694529.22,23588762.03,24490391.8325,24894301.075,25535338.57,26167958.0225,26797843.8575,27420404.5825
Singapore,1222367.53,1263464.44,1302506.78,1333076.49,1366238.57,1394228.76,1429004.04,1461017.54,1482431.5899999999,1500917.77,1490532.4575,1562634.93,1598422.13,1638484.22,1678629.6400000001,1710631.02,1743379.95,1772403.65,1800690.29,1831610.28,1783128.71,1829803.72,1878312.4975,1930282.625,1981074.355,2035561.3225,2085028.9425000001,2133539.645,2190014.1725,2253718.955,2339199.5025,2405763.9,2475257.5375,2542090.3725,2609688.825,2679953.7625,2746209.3049999997,2813419.0625,2882234.21,2949116.6849999996,3010985.9425,3086264.4625000004,3172451.88,3169492.5725,3264739.4975,3359891.2225,3457661.0374999996,3553823.59,3652188.4875,3782325.035,3867602.77,3948019.3975,4047217.9125,4146553.0774999997,4251289.2825,4361919.5175,4474427.54,4582263.077500001,4689983.0600000005,4804631.5875,4896831.28
Slovak Republic,3662796.8200000003,3850671.5275,3895820.3975,3943569.005,4005597.6175,4073734.125,4135800.41,4199227.5275,4258215.475,4315036.095,4339237.96,4367413.415,4411558.8925,4466317.484999999,4534918.9375,4606192.6899999995,4682210.3475,4759116.1450000005,4830743.26,4895377.470000001,4943052.7825,4964876.2425,4985300.5649999995,5002344.035,5030943.295,5071456.2775,5111099.4825,5156215.0125,5198375.365,5235325.0175,5261282.2925,5234208.705,5396074.0375,5417901.945,5308051.3625,5344113.945,5377495.6175,5418174.975,5454060.825,5488442.2425,5527136.67,5515607.34,5555014.0375,5594997.8149999995,5645119.295,5697268.6975,5752720.5975,5812788.109999999,5874916.7775,5939970.025,6008316.375,6051795.852499999,6119812.2075,6189238.15125,6256955.9925,6327031.66125,6402902.995,6481947.10375,6561410.625,6644935.16,6719983.88
Slovenia,1488662.1,1510051.3824999998,1525993.4725000001,1541939.6175,1564511.9175,1590869.2,1616441.08,1643156.855,1660391.2175,1674368.1475,1689536.075,1692799.1275,1705188.2149999999,1719118.9375,1738030.405,1761306.1125,1781093.395,1804414.7974999999,1826859.425,1849345.6724999999,1916940.2475,1917129.825,1929388.5025,1938176.165,1947426.37,1962124.8224999998,2002243.8250000002,2019661.2925,2041540.3825,2054393.86,2058384.2824999997,2069730.17,2077210.7875,2083425.74,2095774.54,2111284.4375,2134542.3575,2151194.6175,2171596.6925,2197327.13,2220041.5300000003,2243116.0225,2273533.66,2297874.66,2324191.7800000003,2355238.3475,2391050.66,2429231.25,2462758.6425,2505385.1550000003,2537147.51,2564535.5125,2596052.125,2622844.1799999997,2651354.0175,2679313.3775,2707667.0149999997,2735268.4074999997,2765943.2775,2804781.505,2835205.7875
South Africa,13454460.82,13773597.7275,14111102.39,14465203.967500001,14829332.5625,15198734.84,15584405.1375,15969076.56,16358519.3025,16762000.97,17187011.84,17642897.8125,18113280.61,18593956.0025,19077578.395,19560658.075,20059976.052500002,20545513.807499997,21032051.465,21541383.965,22089454.8175,22690091.25,23330196.64,23993664.572499998,24654833.445,25295498.66,25958756.8675,26579986.26,27177277.177500002,27779026.655,28407542.2425,29116793.805,29858658.862499997,30619481.485,31377621.427500002,32116999.9125,32733245.7125,33329871.505000003,33908362.04,34469752.2725,35014977.4,35552316.735,37331820.165,37755815.7675,38235983.1575,38763518.480000004,39332449.19,39958698.67,40643133.4675,41343857.385,42110486.7825,42922771.175,43739529.57,44568119.7225,45420080.832499996,46268464.8,47130125.42,48042698.8825,48986977.8925,49943274.84,50883165.435
Spain,28689364.857499998,29159696.7775,29519408.795,29909137.9675,30338095.42,30800229.82,31265391.759999998,31772334.84,32288842.45,32744931.2425,33188481.310000002,33770956.707499996,34261099.7775,34766859.495000005,35324762.7125,35959012.43,36606783.650000006,37217527.175,37769028.394999996,38199203.2975,38523209.730000004,38843881.33499999,39282414.739999995,39620722.05500001,39980885.9025,40368620.707499996,40753502.7475,41204237.3225,41659748.349999994,42080417.7775,42492102.6175,42931035.9875,43461107.59,43990986.93,44485166.32,45004842.9225,45548815.26,46081715.245000005,46662308.995000005,47220720.417500004,47845851.947500005,48548604.975,49517217.95,50579204.045,51503257.917500004,52528746.957499996,53610523.572500005,54741333.96,55839639.792500004,56720396.175,57499317.17,58253640.555,58809871.765,59246206.557500005,59655078.195,60092255.9725,60628170.5975,61149478.53,61792054.67999999,62673252.78,63350809.332499996
Sweden,8050477.5,8129594.83,8217702.425000001,8308919.2524999995,8415639.4575,8539774.3225,8669635.2475,8785375.1175,8878927.89,8971694.780000001,9079057.695,9178396.3475,9253876.74,9323593.2925,9402789.3125,9488536.2,9566244.3,9636877.595,9702086.695,9756814.5625,9807674.092500001,9853969.4225,9900395.795,9948859.45,9998657.645,10056329.9725,10120845.48,10189029.477500001,10261170.52,10348385.4625,10442979.1025,10526613.7825,10601532.335,10667242.475000001,10738117.809999999,10801224.645,10836105.3725,10860092.7975,10887280.43,10920113.302500002,10965911.719999999,11027695.532499999,11095382.895,11169697.280000001,11253092.3325,11336552.1525,11427615.68,11536125.465,11658015.002500001,11797863.870000001,11947563.197500002,12094994.317499999,12239635.5825,12388695.6675,12548133.825,12706683.1775,12874426.2025,13053889.4975,13231122.6925,13412297.9025,13570216.120000001
Switzerland,5457451.9925,5560156.465,5679288.7725,5784476.295,5884979.012499999,5978173.9375,6067348.6899999995,6162282.1125,6252731.5175,6333232.6525,6402035.415,6463715.1125,6531041.9825,6597570.5325,6659501.0,6702684.452500001,6724166.8325,6756959.5600000005,6806251.995,6862652.51,6925171.734999999,6990762.3225,7057387.645,7116219.4375,7174200.365,7241211.140000001,7314311.5649999995,7393059.859999999,7478064.005,7566445.41,7657677.0175,7760872.2925,7854491.4975000005,7938364.49,8020124.640000001,8098627.92,8166862.495,8226463.58,8293759.492500001,8375394.8175,8464773.565000001,8571226.7075,8670162.2525,8769534.0225,8874244.58,8983389.0425,9097560.18,9232522.719999999,9394435.5125,9562424.74,9723399.3125,9853994.462499999,10020240.965,10190997.364999998,10369422.9875,10539571.260000002,10704544.35,10862947.530000001,11011425.145,11161589.085,11303104.2275
TÃ¼rkiye,21458645.353800233,22012453.968620688,22556886.88088795,23118727.239884704,23699075.47414743,24300665.34017306,24931323.289240602,25588337.967930164,26268271.586361323,26970870.283728898,27658959.137685504,28329556.312261425,29027541.90006146,29752180.679686986,30506209.189835437,31248981.66768747,31893872.823481917,32543052.17464994,33243273.542671558,33997139.61045414,34699575.285589196,35474249.48961954,36303788.23120195,37173587.61407806,38085412.14243688,39044213.321213126,39976909.38367266,40712501.18994011,41478039.08450888,42288932.82858396,43404627.56323061,44279622.40404479,45367050.11966923,46484899.139197394,47637431.546984896,48822382.28998917,50043180.244196534,51301961.29901675,52580566.07910189,53920998.38103631,55039060.83875,55912364.370000005,56746488.537499994,57569649.974999994,58454022.176249996,59432414.69875,60502783.50750001,61679277.62158333,62798824.4,64016177.345,65776909.0125,67445077.295,68806889.51249999,70186295.5825,71791226.06,73554830.4825,75214572.68,76805572.47749999,78562988.345,80474913.705,82128889.945
United Kingdom,56449206.1575,56801739.45,57506510.5875,57890018.06,58459705.7625,59080416.345,59460863.25,60553485.415,60407208.25,60808478.4725,61069168.087500006,61790062.005,62042767.5125,62193205.21249999,62255522.910000004,62478563.9675,62610142.31,62759937.8125,62935006.6725,63193580.45,63521202.67,63766076.3875,63911124.394999996,64053604.59,64247684.4875,64680498.00749999,65014495.88249999,65359352.96,65686726.050000004,66080777.105,66361649.19,66706028.76,67063651.260000005,67321537.5775,67539688.8875,67918886.13,68186420.89500001,68468407.35499999,68822717.87,69165735.4825,69545282.245,70003119.34,70543517.0875,71063532.2375,71605006.38749999,72280673.72749999,72929832.84,73697403.5125,74575357.10249999,75447158.8575,76400598.91,77358850.7525,78514705.3575,79519153.1925,80633674.905,81585300.815,82584908.055,83455953.2025,84334449.87,85304567.9975,85981299.61500001
United States,176719196.5525,179696079.385,182356544.10750002,184808547.7025,187325693.0475,189580228.3875,191601345.685,193661803.52249998,195621697.8225,197590815.22750002,200232788.5525,203198059.995,205973209.0875,208555892.63,211170570.5525,214181557.8125,216962136.0025,220166066.2625,223620416.76500002,227302415.05,230715970.485,233880960.97250003,237191729.76749998,240430019.0975,243387897.27749997,246365025.6325,249447045.03749996,252530830.2375,255529461.3,258737452.01999998,262302339.2975,266333281.965,270799175.0525,275038214.89750004,278923532.72,282784166.0025,286607732.54499996,290491421.5175,294514591.8125,298422475.58500004,302393722.23749995,306087066.795,310390229.8075,314626479.5575,318907769.52,323546626.5,328195420.97,333229857.5875,338365161.5775,343177277.9,349407598.145,354194084.1325,360050674.855,365467963.995,371238244.155,377102549.115,383004240.38750005,388545232.69,393913446.3325,399021406.73749995,403501126.53499997
World,2523154245.8599997,2569061053.1775,2617241100.3275003,2667717991.0,2719901919.6899996,2773167604.7525,2834410387.0675,2895188266.645,2955497286.31,3015593322.665,3076011481.775,3139861287.7275,3202519943.2675,3264457828.7075005,3326159738.5575,3388143300.4075,3453614601.14,3518783473.9825,3584306042.795,3650931801.5674996,3719372312.1799994,3791036140.3375,3864338097.2174997,3939729806.5025,4017640067.88,4098202665.2775,4185644248.4474998,4273550392.73,4360961105.38,4446668323.1975,4530250010.1625,4615055380.3625,4695224927.702499,4772210453.4425,4848189444.932501,4925248172.912499,5006077293.7575,5089540823.0175,5175700032.172501,5263888498.43,5353226976.0825,5447933545.2925005,5542104910.932501,5636341512.0375,5731740598.9375,5829604272.157499,5935416517.199999,6042558106.32,6151420163.5625,6262293157.81,6375457360.6325,6494652312.8025,6614658926.9825,6735770694.955,6858394825.0425,6983014890.639999,7112830990.915,7243622236.365,7375086416.965,7506677389.327499,7638250092.225
